code,alias1,alias2,alias3,alias4,alias5,alias6,alias7,alias8,alias9,alias10,alias11,alias12,alias13,alias14,alias15,alias16,alias17
US,usa,united states,america,états-unis,vereinigte staaten,'merica,murica,united statas,united stetes,united staes,united stets,united staates,untied states,estados unidos,amérique,us,u.s.a.
GB,uk,united kingdom,britain,england,royaume-uni,vereinigtes königreich,great britain,u.k.,northern ireland,scotland,wales,écosse,angleterre
BR,brasil,brazil,brasilz,braszil,brazyl
CN,china,chine,chaina,chyna,chinia,chinna,chinah,mainland china,prc,people's republic of china
KR,south korea,republic of korea,korea south,corée du sud,südkorea,soth korea,south koria,hanguk,rok,sk,korea
RU,russia,russie,russland,russian federation,rossiya,rossia,rusia,rusija,russa,russha,soviet union,ussr,union of soviet socialist republics,sovjet
DE,germany,deutschland,allemagne,germania,alemania,deutchland,deutchlnd,deutcheland
FR,france,frankreich,francia,francais,franse,franc,francz
IT,italy,italia,italie,italien,it,itly,itali,italya
ES,spain,españa,espagne,spanien,spagna,espanya,espania,spane,spian
PL,poland,polska,pologne,polen,polland,polan,p0land,polend,polad
NL,netherlands,nederland,pays-bas,niederlande,holland,the netherlands,países bajos,netherland,neterlands
CH,switzerland,suisse,schweiz,svizzera,helvetia,swizerland,switserland,ch
NO,norway,norge,noreg,norwey,norvay
SE,sweden,sverige,suède,schweden,swden,sweeden
GR,greece,ελλάδα,grèce,griechenland,grecia,hellas,ellada,grece,greese
RO,romania,românia,roumanie,roumania,roumanía,roumaniya,rouminia,rumänien,rumænien,rumunia,rumunija,rumänia,rumānija,rumānīyā,rumunska,rumunsko,rumunjska,rumyniya
HU,hungary,hunggary,hungry,magyarország,magyar-kok,hongrie,hongaria,hongarije,hongarye,hongria,hungaria,hungario,hungari,hungariá,hungarya,hungariya,hungriya
CZ,czech republic,česká republika,république tchèque,tschechische republik,czechia,czechoslovakia,checz,chekia,česko
SK,slovakia,slovensko,slovaquie,slowakei,slovak republic
JP,japan,nippon,nihon,japon,jappan,japn
IN,india,bharat,hindustan,indea,inida
AF,afghanistan,afganistan,afganisthan,afgahnistan,aghanistan
TR,turkey,türkiye,turkiye,turky,turkie
PH,philippines,philipines,philipinnes,phillippines,the phillipines,pilipinas,pinoyland
IR,iran,persia,iraan,irun,irá,irák
IQ,iraq,irak,irac,irack
ZA,south africa,south afrika,soth africa,azania,sa,za
AU,australia,aussie,oz,straya,down under,austraila,austalia
CA,canada,canda,cannada,canadia,the great white north
NZ,new zealand,new zeeland,new zeland,nz,kiwiland,aotearoa
MM,myanmar,burma,mianmar,myanmer,mayanmar,myannmar
MX,mexico,méxico,méjico,mexcio,mecsico
EG,egypt,misr,egpyt,egyt,eygpt
NG,nigeria,nieria,nigeira,naija
AR,argentina,argetina,argentia
CO,colombia,columbia,colobia,collombia
TH,thailand,siam,tailand,thialand,thiland
VN,viet nam,vietnam,veitnam,vietnem
ID,indonesia,indonisia,indonezia
PT,portugal,portugol,portugual,portgual
BE,belgium,belgique,belgië,belgien,belguim,beljum
CI,côte d'ivoire,cote d'ivoire,ivory coast,ivore coast,ivri coast,ivorycoast
AT,austria,österreich,autriche
BG,bulgaria,българия,bulgarie,bulgarien
HR,croatia,hrvatska,croatie,kroatien
CY,cyprus,κύπρος,chypre,zypern
DK,denmark,danmark,danemark,dänemark
EE,estonia,eesti,estonie,estland
FI,finland,suomi,finlande,finnland
LV,latvia,latvija,lettonie,lettland
LT,lithuania,lietuva,lituanie,litauen
LU,luxembourg,luxemburg
MT,malta,malte
SI,slovenia,slovenija,slovénie,slowenien
BA,bosnia,bosnia and herzegovina
MK,north macedonia,macedonia
MD,moldova,republic of moldova
IE,ireland,éire,irlande,irland,éireann
